Amazon,AS16509
Amazon,AS38895
Amazon,AS14618
Amazon,AS8987
Amazon,AS62785
Amazon,AS7224
Google,AS15169
Google,AS36384
Google,AS36492
Google,AS41264
Google,AS15169
Google,AS45566
Google,AS22577
Google,AS36040
Google,AS139190
Google,AS139070
Google,AS19527
Google,AS396982
Google,AS394699
Google,AS43515
Google,AS395973
Google,AS36385
Google,AS394725
Google,AS19448
Google,AS36039
Google,AS394639
Google,AS36492
Google,AS24424
Facebook,AS32934
Facebook,AS54115
Facebook,AS63293
Facebook,AS11917
Microsoft,AS8072
Microsoft,AS23468
Microsoft,AS3598
Microsoft,AS26222
Microsoft,AS6182
Microsoft,AS8075
Microsoft,AS8069
Microsoft,AS13811
Microsoft,AS20046
Microsoft,AS8068
Microsoft,AS396463
Microsoft,AS8070
Microsoft,AS8068
Microsoft,AS6584
Microsoft,AS198015
Microsoft,AS23468
Microsoft,AS62540
Microsoft,AS3598
Microsoft,AS36459
,
